scheme,lg2n,delta,bsize,ehC,ins_probes,ins_lines,ins_pages,ins_p99,ins_maxp,ins_maxl,pos_probes,pos_lines,pos_p99,pos_maxp,neg_probes,neg_lines,neg_p99,neg_maxp,t_build,t_pos,t_neg,m,nq
up,24,0.100000,8,2.000,2.5588,2.5588,2.5585,17,107,107,2.5624,2.5624,16,41,10.0862,10.086,43,83,3.528271,0.002067,0.002887,15099495,5000
dh,24,0.100000,8,2.000,2.558,2.558,2.5578,17,106,106,2.6276,2.6276,18,40,10.1178,10.1178,45,74,3.115714,0.001941,0.002205,15099495,5000
wtl,24,0.100000,8,2.000,3.7415,1.2211,1.2211,33,248,31,3.7786,1.2238,34,77,18.4662,2.9022,83,130,3.073502,0.003306,0.004036,15099495,5000
eh,24,0.100000,8,2.000,3.1312,3.1312,3.1305,9,49,49,6.4818,6.4818,29,60,72.7006,72.6956,143,177,3.501547,0.003931,0.022611,15099495,5000
ehb,24,0.100000,8,2.000,7.1388,1.35,1.3499,55,93,12,17.919,2.8156,114,209,142.7632,18.881,266,316,3.188504,0.007978,0.018826,15099495,5000
fh,24,0.100000,8,2.000,21.5383,5.761,3.5421,72,84,24,21.698,5.8098,73,80,76.7148,19.5608,81,84,8.616948,0.003717,0.006019,15099495,5000
up,24,0.050000,8,2.000,3.1545,3.1544,3.1539,26,230,230,3.0836,3.0836,27,81,19.7704,19.77,92,147,4.402324,0.00232,0.005252,15938356,5000
dh,24,0.050000,8,2.000,3.1534,3.1534,3.1531,26,209,209,3.0572,3.0572,23,80,19.7934,19.7934,89,191,3.643597,0.001909,0.004128,15938356,5000
wtl,24,0.050000,8,2.000,4.8766,1.3540,1.3540,50,441,56,4.8626,1.3518,49,148,36.7660,5.1692,170,333,3.890478,0.002323,0.005371,15938356,5000
eh,24,0.050000,8,2.000,3.7668,3.7668,3.7653,11,50,50,8.7252,8.7252,47,107,128.5472,128.5362,198,207,4.279657,0.005147,0.039584,15938356,5000
ehb,24,0.050000,8,2.000,8.3394,1.4902,1.49,73,79,10,24.496,3.6236,189,364,245.8122,31.6138,371,383,3.565442,0.004078,0.015706,15938356,5000
fh,24,0.050000,8,2.000,29.4176,6.9268,3.7639,110,129,30,29.2842,6.9088,110,123,121.6348,27.3574,127,129,8.752796,0.003768,0.007248,15938356,5000
up,24,0.020000,8,2.000,3.994,3.994,3.9926,42,476,476,4.1312,4.1312,44,283,50.3054,50.3026,237,523,5.279127,0.002505,0.012372,16441672,5000
dh,24,0.020000,8,2.000,3.9935,3.9935,3.9927,42,524,524,3.974,3.974,39,140,49.736,49.736,226,491,4.282656,0.001816,0.009021,16441672,5000
wtl,24,0.020000,8,2.000,6.4031,1.5392,1.5391,78,1044,131,6.3634,1.5320,78,373,89.6804,11.7616,407,773,4.453029,0.002761,0.011914,16441672,5000
eh,24,0.020000,8,2.000,4.6392,4.6392,4.6362,14,47,47,11.0048,11.0048,60,101,189.9922,189.9666,231,242,4.803696,0.005851,0.059797,16441672,5000
ehb,24,0.020000,8,2.000,9.8864,1.6775,1.677,97,101,13,32.5144,4.5614,298,509,455.8044,57.4884,586,613,3.489626,0.004639,0.027128,16441672,5000
fh,24,0.020000,8,2.000,40.8496,7.2251,3.9153,168,208,35,41.3916,7.3182,169,201,201.309,33.9226,207,208,9.934734,0.003591,0.007403,16441672,5000
up,24,0.010000,8,2.000,4.6534,4.6533,4.6505,57,991,990,4.715,4.715,57,269,100.005,99.9982,465,873,6.119163,0.003672,0.042925,16609444,5000
dh,24,0.010000,8,2.000,4.6526,4.6526,4.6507,56,941,941,4.668,4.668,57,518,101.1692,101.1692,468,1094,4.648349,0.002194,0.018109,16609444,5000
wtl,24,0.010000,8,2.000,7.5470,1.6802,1.6801,103,1517,190,7.6142,1.6856,107,809,175.0338,22.4164,811,1460,5.052608,0.002685,0.023705,16609444,5000
eh,24,0.010000,8,2.000,5.3184,5.3183,5.3134,16,47,47,12.6818,12.6816,77,113,248.6272,248.5578,280,287,5.632976,0.00611,0.074094,16609444,5000
ehb,24,0.010000,8,2.000,11.0214,1.8173,1.8165,113,118,15,36.4422,5.0298,387,694,680.6604,85.4972,800,823,4.080111,0.00438,0.037021,16609444,5000
fh,24,0.010000,8,2.000,48.4119,9.0559,4.0027,208,276,57,48.1842,9.0214,211,267,268.7078,48.3882,276,277,10.848353,0.012432,0.009206,16609444,5000
up,24,0.005000,8,2.000,5.3279,5.3278,5.3219,70,2210,2209,5.669,5.669,68,563,202.5124,202.4932,946,1503,7.066202,0.013291,0.049397,16693330,5000
dh,24,0.005000,8,2.000,5.3233,5.3232,5.3194,70,1664,1664,5.5992,5.5992,70,858,198.908,198.908,911,1819,6.153403,0.005118,0.042132,16693330,5000
wtl,24,0.005000,8,2.000,8.6798,1.8207,1.8206,125,3344,418,10.8438,2.0860,166,1307,336.4800,42.5890,1547,3068,5.543284,0.003093,0.047514,16693330,5000
eh,24,0.005000,8,2.000,6.0019,6.0018,5.9943,19,47,47,14.4084,14.4072,94,234,291.824,291.7178,314,324,6.525768,0.006753,0.078316,16693330,5000
ehb,24,0.005000,8,2.000,12.1263,1.9543,1.9532,129,134,17,43.9018,5.9614,508,925,941.9746,118.096,1047,1072,4.603017,0.00545,0.053743,16693330,5000
fh,24,0.005000,8,2.000,55.8055,7.4132,3.9567,247,353,45,58.0584,7.6992,252,347,346.6602,43.7742,353,354,12.044314,0.004775,0.011511,16693330,5000
up,24,0.002000,8,2.000,6.2325,6.2323,6.2175,84,3923,3919,6.6648,6.6642,80,1239,497.7282,497.6062,2308,4640,7.936369,0.015515,0.17934,16743662,5000
dh,24,0.002000,8,2.000,6.229,6.2287,6.2192,84,3775,3775,6.4674,6.4674,70,1556,499.7502,499.732,2371,4192,6.179618,0.002456,0.092502,16743662,5000
wtl,24,0.002000,8,2.000,10.1236,2.0006,2.0002,148,7970,997,9.0700,1.8720,137,834,784.6862,98.5998,3571,11276,6.994522,0.003363,0.108919,16743662,5000
eh,24,0.002000,8,2.000,6.9102,6.91,6.8986,21,47,47,16.0524,16.0514,116,213,310.7306,310.497,331,332,7.030118,0.01437,0.081856,16743662,5000
ehb,24,0.002000,8,2.000,13.5654,2.1335,2.1317,145,151,19,47.3872,6.484,609,1261,1300.932,163.5482,1441,1442,4.496689,0.005266,0.062346,16743662,5000
fh,24,0.002000,8,2.000,63.1445,10.9408,4.0891,284,454,77,63.1428,10.9374,283,443,447.7046,74.9802,453,455,12.705829,0.005801,0.011972,16743662,5000
up,24,0.001000,8,2.000,6.9237,6.9232,6.8938,91,8111,8098,6.5898,6.5892,92,824,999.1894,998.7196,4522,9049,9.084652,0.013057,0.326525,16760439,5000
dh,24,0.001000,8,2.000,6.9208,6.9203,6.9012,91,8851,8851,6.2616,6.2616,90,1661,1009.4246,1009.124,4765,9065,7.350335,0.002531,0.182699,16760439,5000
wtl,24,0.001000,8,2.000,11.2021,2.1352,2.1344,160,11194,1400,9.7204,1.9530,154,738,1514.9214,189.8706,7074,17907,6.503039,0.003362,0.188027,16760439,5000
eh,24,0.001000,8,2.000,7.604,7.6037,7.5882,23,47,47,18.3694,18.3656,154,240,347.0442,346.6096,358,358,7.979102,0.020344,0.109827,16760439,5000
ehb,24,0.001000,8,2.000,14.625,2.2658,2.2632,161,167,21,51.3272,6.9694,729,1529,1622.2388,203.5678,1761,1762,4.723962,0.005494,0.075173,16760439,5000
fh,24,0.001000,8,2.000,70.2861,10.9679,4.0985,318,554,84,70.1112,10.937,318,533,547.731,82.6556,555,555,12.815192,0.005344,0.018851,16760439,5000
