level,size_slots,occupied_slots,nonempty_buckets,full_buckets
0,4191780,4191780,209589,209589
1,3143840,3143840,157192,157192
2,2357880,2357880,117894,117894
3,1768400,1768400,88420,88420
4,1326300,1326300,66315,66315
5,994720,994720,49736,49736
6,746040,746040,37302,37302
7,559520,559520,27976,27976
8,419640,419640,20982,20982
9,314720,314720,15736,15736
10,236040,236040,11802,11802
11,177040,177040,8852,8852
12,132780,132780,6639,6639
13,99580,99580,4979,4979
14,74680,74680,3734,3734
15,56000,56000,2800,2800
16,42000,42000,2100,2100
17,31500,31500,1575,1575
18,23620,23620,1181,1181
19,17720,17720,886,886
20,13280,13280,664,664
21,9960,9960,498,498
22,7460,7460,373,373
23,5600,5600,280,280
24,4200,4200,210,210
25,3140,3140,157,157
26,2360,2333,118,106
27,1760,666,88,0
28,1320,0,0,0
29,980,0,0,0
30,740,0,0,0
31,560,0,0,0
32,420,0,0,0
33,300,0,0,0
34,220,0,0,0
35,160,0,0,0
36,120,0,0,0
37,80,0,0,0
38,60,0,0,0
39,40,0,0,0
40,40,0,0,0
41,20,0,0,0
42,20,0,0,0
43,20,0,0,0
44,20,0,0,0
45,20,0,0,0
46,20,0,0,0
47,20,0,0,0
48,20,0,0,0
49,20,0,0,0
