seed,scheme,lg2n,delta,pos_probes,pos_lines,pos_maxp,neg_probes,neg_lines,neg_maxp,nq,fails,missing,falsepos,spills,pos_maxl,neg_maxl,fh_line_bound
1,up,24,0.001000,7.8255,7.8255,1186,1002.8760,1002.4050,7875,2000,0,0,0,0,1186,7858,0
1,ehb,24,0.001000,51.8355,7.0345,1496,1626.1535,204.0275,1746,2000,0,0,0,0,188,219,0
1,fh,24,0.001000,71.4165,11.1270,538,547.4070,82.5140,556,2000,0,0,0,0,81,84,211
2,up,24,0.001000,6.5870,6.5860,617,983.4470,982.9685,9173,2000,0,0,0,0,616,9158,0
2,ehb,24,0.001000,49.7180,6.7670,1455,1628.5755,204.3500,1754,2000,0,0,0,0,183,220,0
2,fh,24,0.001000,69.9615,10.9160,530,547.8915,82.5950,554,2000,0,0,0,0,80,84,211
3,up,24,0.001000,7.4775,7.4770,1145,979.1565,978.7000,8474,2000,0,0,0,0,1144,8456,0
3,ehb,24,0.001000,55.2460,7.4580,1576,1629.0275,204.4245,1762,2000,0,0,0,0,198,221,0
3,fh,24,0.001000,69.0675,10.7660,479,547.5245,82.5870,555,2000,0,0,0,0,72,84,211
4,up,24,0.001000,8.8060,8.8050,1264,1002.6745,1002.2265,6594,2000,0,0,0,0,1264,6588,0
4,ehb,24,0.001000,50.0730,6.8185,1473,1627.3810,204.2090,1762,2000,0,0,0,0,185,221,0
4,fh,24,0.001000,72.6450,11.3395,509,547.6915,82.5665,556,2000,0,0,0,0,77,84,211
5,up,24,0.001000,8.2830,8.2825,2220,991.5405,991.0535,7438,2000,0,0,0,0,2220,7427,0
5,ehb,24,0.001000,49.0310,6.6700,1249,1626.2345,204.0710,1762,2000,0,0,0,0,157,221,0
5,fh,24,0.001000,73.5650,11.4465,531,547.2100,82.5275,556,2000,0,0,0,0,80,84,211
