scheme,lg2n,delta,bsize,ehC,ins_probes,ins_lines,ins_pages,ins_p99,ins_maxp,ins_maxl,pos_probes,pos_lines,pos_p99,pos_maxp,neg_probes,neg_lines,neg_p99,neg_maxp,t_build,t_pos,t_neg,m,nq
eh,20.0,0.001,8.0,2.0,7.6059,7.6019,7.4137,23.0,36.0,36.0,17.6015,17.554,136.0,222.0,271.41,266.9705,281.0,281.0,0.141012,0.001923,0.014051,1047528.0,2000.0
ehb,20.0,0.001,8.0,2.0,14.6107,2.2635,2.2323,161.0,165.0,21.0,55.447,7.352,814.0,1231.0,1610.309,198.079,1736.0,1736.0,0.101427,0.00155,0.015227,1047528.0,2000.0
fh,20.0,0.001,8.0,2.0,70.3536,10.978,4.099,319.0,616.0,92.0,73.327,11.4105,327.0,616.0,614.97,92.7955,617.0,617.0,0.218305,0.001037,0.003156,1047528.0,2000.0
up,20.0,0.001,8.0,2.0,6.9217,6.9143,6.5322,91.0,4285.0,4220.0,7.9835,7.9745,107.0,1655.0,962.179,955.349,4213.0,6626.0,0.142926,0.000624,0.039826,1047528.0,2000.0
eh,22.0,0.001,8.0,2.0,7.6232,7.6221,7.5638,23.0,42.0,42.0,18.1495,18.1355,148.0,221.0,309.6415,308.34,320.0,320.0,1.181773,0.002645,0.025655,4190110.0,2000.0
ehb,22.0,0.001,8.0,2.0,14.6332,2.2667,2.2574,161.0,166.0,21.0,52.8475,7.164,695.0,1281.0,1615.0,202.0465,1721.0,1722.0,0.957599,0.00207,0.028466,4190110.0,2000.0
fh,22.0,0.001,8.0,2.0,70.2971,10.9696,4.0988,318.0,561.0,85.0,71.987,11.2225,315.0,532.0,555.711,83.6905,562.0,562.0,1.732461,0.001654,0.004058,4190110.0,2000.0
up,22.0,0.001,8.0,2.0,6.9326,6.9307,6.8143,91.0,8117.0,8036.0,7.3625,7.362,121.0,778.0,978.3535,976.561,4271.0,6463.0,1.842969,0.001176,0.086641,4190110.0,2000.0
eh,24.0,0.001,8.0,2.0,7.604,7.6037,7.5882,23.0,47.0,47.0,18.2725,18.27,155.0,240.0,347.088,346.638,358.0,358.0,8.115114,0.011064,0.035331,16760439.0,2000.0
ehb,24.0,0.001,8.0,2.0,14.625,2.2658,2.2632,161.0,167.0,21.0,51.7975,7.0275,657.0,1393.0,1622.692,203.622,1761.0,1762.0,4.741631,0.002659,0.030549,16760439.0,2000.0
fh,24.0,0.001,8.0,2.0,70.2861,10.9679,4.0985,318.0,554.0,84.0,68.9865,10.7625,299.0,445.0,547.799,82.6755,555.0,555.0,11.25663,0.002496,0.006919,16760439.0,2000.0
up,24.0,0.001,8.0,2.0,6.9237,6.9232,6.8938,91.0,8111.0,8098.0,5.3215,5.321,65.0,313.0,999.8025,999.3055,4347.0,9049.0,9.189717,0.0097,0.099596,16760439.0,2000.0
